,name,ms-5-best dual,ms-5-best primal,ms-5-dual iter,ms-5-primal iter,ms-5-iter,prep-5-best dual,prep-5-best primal,prep-5-dual iter,prep-5-primal iter,prep-5-iter,ms-10-best dual,ms-10-best primal,ms-10-dual iter,ms-10-primal iter,ms-10-iter,prep-10-best dual,prep-10-best primal,prep-10-dual iter,prep-10-primal iter,prep-10-iter
0,Spd_RF2_20_27_211.txt,0.583333,2,52,2013766,2013768,1.0,1,-1,18,18,0.583333,2,52,4024986,4024987,1.0,1,-1,18,18
1,Spd_RF2_20_27_219.txt,1.0,3,27,2032385,2032386,1.0,2,-1,20,1145121,1.0,3,27,3914579,3914581,1.0,2,-1,20,2288890
2,Spd_RF2_20_27_227.txt,0.8,3,105,1986341,1986342,1.0,2,-1,22,1113966,0.8,3,105,3993263,3993265,1.0,2,-1,22,2203579
3,Spd_RF2_20_27_235.txt,0.95,3,255,282,1955526,3.0,3,-1,4,4,0.95,3,255,282,3754785,3.0,3,-1,4,4
4,Spd_RF2_20_27_243.txt,1.063645,4,38,2,1983646,4.0,4,-1,2,2,1.063645,4,38,2,3986733,4.0,4,-1,2,2
5,Spd_RF2_20_34_251.txt,0.366256,1,4832,37,1703222,0.0,1,-1,36,1015842,0.366256,1,4832,37,3414386,0.0,1,-1,36,2001188
6,Spd_RF2_20_34_259.txt,0.142857,1,9272,1839606,1839608,0.0,1,-1,31,918802,0.142857,1,9272,3702416,3702417,0.0,1,-1,31,1833300
7,Spd_RF2_20_34_267.txt,0.366035,1,117,57,1820480,0.0,1,-1,27,1058040,0.366035,1,117,57,3654101,0.0,1,-1,27,2129372
8,Spd_RF2_20_34_275.txt,0.582332,2,59,26,1882249,0.186859,2,2294,24,1088803,0.582332,2,59,26,3766526,0.186859,2,2294,24,2198373
9,Spd_RF2_20_34_283.txt,0.223581,2,89683,50324,1726632,1.0,2,-1,4398,856852,0.223581,2,89683,50324,3495171,1.0,2,-1,4398,1767805
10,Spd_RF2_20_42_291.txt,0.115829,1,332844,137,1250986,0.0,1,-1,437,837516,0.115829,1,332844,137,2502123,0.0,1,-1,437,1640029
11,Spd_RF2_20_42_299.txt,0.0,0,0,124,124,0.0,0,-1,91,91,0.0,0,0,124,124,0.0,0,-1,91,91
12,Spd_RF2_20_42_307.txt,0.0,1,0,37,1697973,0.0,1,-1,37,1029250,0.0,1,0,37,3399277,0.0,1,-1,37,2063279
13,Spd_RF2_20_42_315.txt,0.0,1,0,145,1189930,0.0,1,-1,2225,802809,0.0,1,0,145,2329808,0.0,1,-1,2225,1608767
14,Spd_RF2_20_42_323.txt,0.0,1,0,36,1180789,0.0,1,-1,36,812176,0.0,1,0,36,2370541,0.0,1,-1,36,1636610
15,Spd_RF2_20_49_331.txt,0.0,1,0,45,1116198,0.0,1,-1,6709,775869,0.0,1,0,45,2236656,0.0,1,-1,6709,1569576
16,Spd_RF2_20_49_339.txt,0.0,1,0,28903,1108670,0.0,1,-1,28903,768982,0.0,1,0,28903,2196703,0.0,1,-1,28903,1525544
17,Spd_RF2_20_49_347.txt,0.0,1,0,73090,1101616,0.0,1,-1,76342,774482,0.0,1,0,73090,2199344,0.0,1,-1,76342,1546183
18,Spd_RF2_20_49_355.txt,0.0,1,0,18326,1105516,0.0,1,-1,18326,776659,0.0,1,0,18326,2204979,0.0,1,-1,18326,1540877
19,Spd_RF2_20_49_363.txt,0.0,1,0,25496,1101051,0.0,1,-1,25496,778543,0.0,1,0,25496,2222339,0.0,1,-1,25496,1554016
20,Spd_RF2_20_57_371.txt,0.0,1,0,18,1023428,0.0,1,-1,18,730803,0.0,1,0,18,2015328,0.0,1,-1,18,1458679
21,Spd_RF2_20_57_379.txt,0.0,1,0,908318,1022865,0.0,2,-1,19,716895,0.0,1,0,908318,2043498,0.0,1,-1,908318,1460379
22,Spd_RF2_20_57_387.txt,0.0,1,0,46,1017812,0.0,1,-1,37,729252,0.0,1,0,46,2027078,0.0,1,-1,37,1459426
23,Spd_RF2_20_57_395.txt,0.0,2,0,12,1015970,0.0,2,-1,12,724131,0.0,2,0,12,2046906,0.0,2,-1,12,1455639
24,Spd_RF2_20_57_403.txt,0.0,1,0,32,1025795,0.0,1,-1,32,725042,0.0,1,0,32,2055198,0.0,1,-1,32,1455202
25,Spd_RF2_40_50_611.txt,3.227818,8,539861,44,769674,7.0,8,-1,14,368326,3.230493,8,1578537,44,1584105,7.0,8,-1,14,730758
26,Spd_RF2_40_50_619.txt,2.685383,7,74,31,1061368,6.0,7,-1,4,409368,2.685383,7,74,31,2119233,6.0,7,-1,4,817782
27,Spd_RF2_40_50_627.txt,2.882077,7,149,14,1050030,6.0,7,-1,14,394804,2.882077,7,149,14,2086083,6.0,7,-1,14,791586
28,Spd_RF2_40_50_635.txt,2.848226,9,64,7,1061011,5.287289,8,48466,51,361592,2.848226,9,64,7,2136647,5.287289,8,48466,51,720361
29,Spd_RF2_40_50_643.txt,2.75326,7,102,28,1052644,4.0,7,-1,10,367637,2.75326,7,102,28,2092204,4.0,7,-1,10,754582
30,Spd_RF2_40_60_651.txt,1.41787,4,457755,24,723111,1.112096,4,305984,20,334935,1.41787,4,457755,1099659,1430575,1.112096,4,305984,20,677039
31,Spd_RF2_40_60_659.txt,1.4,4,221,975811,975815,1.0,4,-1,25,342854,1.4,4,221,1966731,1966735,1.0,4,-1,25,686314
32,Spd_RF2_40_60_667.txt,1.280793,4,545699,137,716260,3.0,4,-1,51,359645,1.282549,4,837073,1024956,1435584,3.0,4,-1,51,718085
33,Spd_RF2_40_60_675.txt,1.367763,3,126,85,950709,1.266485,3,87,77,394973,1.367763,3,126,85,1920863,1.266485,3,87,77,787352
34,Spd_RF2_40_60_683.txt,1.551859,6,175,106,847749,3.016706,4,87,64,393262,1.551859,6,175,106,1690518,3.016706,4,87,64,784208
35,Spd_RF2_40_71_691.txt,0.274473,2,149240,3109,528046,0.0,2,-1,2655,300530,0.274473,2,149240,3109,1057801,0.0,2,-1,2655,595553
36,Spd_RF2_40_71_699.txt,0.672078,3,435125,242964,529762,1.0,4,-1,8432,299273,0.674469,3,606366,242964,1050493,1.0,4,-1,8432,597055
37,Spd_RF2_40_71_707.txt,0.692854,2,454702,350756,527307,1.0,2,-1,170,356142,0.692854,2,454702,350756,1059287,1.0,2,-1,170,707907
38,Spd_RF2_40_71_715.txt,0.67619,3,66,714026,714027,1.105536,2,180973,106274,301462,0.67619,3,66,1427470,1427472,1.105536,2,180973,106274,563924
39,Spd_RF2_40_71_723.txt,0.428571,1,73,736417,736418,0.0,1,-1,157,310172,0.428571,1,73,1474107,1474108,0.0,1,-1,157,615136
40,Spd_RF2_40_81_731.txt,0.0,1,0,10286,708196,0.0,2,-1,9040,328348,0.0,1,0,10286,1417702,0.0,2,-1,9040,684187
41,Spd_RF2_40_81_739.txt,0.053599,3,94203,12442,503745,0.0,3,-1,77,286604,0.068886,2,987739,939432,1009531,0.0,2,-1,462632,569625
42,Spd_RF2_40_81_747.txt,0.35732,3,143090,3294,489727,0.0,3,-1,7600,279366,0.35732,3,143090,3294,979650,0.0,3,-1,7600,560107
43,Spd_RF2_40_81_755.txt,0.175416,2,215913,2123,503465,0.0,2,-1,536,284958,0.175416,2,215913,2123,1007252,0.0,2,-1,536,563567
44,Spd_RF2_40_81_763.txt,0.267742,1,244643,188531,494814,0.269766,1,200965,196897,289810,0.269866,1,867576,188531,990729,0.269766,1,200965,196897,579729
45,Spd_RF2_40_92_771.txt,0.030119,3,60242,6,448966,0.0,3,-1,179280,266230,0.030119,3,60242,6,899266,0.0,3,-1,179280,539373
46,Spd_RF2_40_92_779.txt,0.0,2,0,1202,631508,0.0,2,-1,32,332868,0.0,2,0,1202,1263629,0.0,2,-1,32,664855
47,Spd_RF2_40_92_787.txt,0.183626,3,30719,26545,460611,0.0,3,-1,1169,272360,0.204604,2,795522,689320,923307,0.0,3,-1,1169,543074
48,Spd_RF2_40_92_795.txt,0.0,3,0,17476,461306,0.0,3,-1,250604,270757,0.0,3,0,17476,925243,0.0,3,-1,250604,539144
49,Spd_RF2_40_92_803.txt,0.08557,2,70560,1948,447986,0.0,2,-1,2403,271801,0.08557,2,70560,1948,890423,0.0,2,-1,2403,541712
50,Spd_RF2_60_71_1011.txt,4.65,12,1,1,405522,8.0,12,-1,1,194849,4.65,12,1,1,812189,8.0,12,-1,1,395808
51,Spd_RF2_60_71_1019.txt,5.837901,15,215031,11,394213,12.0,14,-1,6,209094,5.837901,15,215031,11,789993,12.0,14,-1,6,418707
52,Spd_RF2_60_71_1027.txt,5.525885,14,32,6,429940,10.0,13,-1,6,211670,5.525885,14,32,6,860605,10.0,13,-1,6,422806
53,Spd_RF2_60_71_1035.txt,4.861004,13,29,1,472103,9.0,13,-1,1,209702,4.861004,13,29,1,929763,9.0,13,-1,1,422718
54,Spd_RF2_60_71_1043.txt,5.944556,15,615,24,408959,14.0,15,-1,5,207180,5.944556,15,615,24,820194,14.0,15,-1,5,407207
55,Spd_RF2_60_83_1051.txt,3.107053,9,198923,694,370236,4.0,8,-1,101,181168,3.107053,9,198923,694,748199,4.0,8,-1,101,360948
56,Spd_RF2_60_83_1059.txt,2.825115,8,344700,94,382533,5.0,7,-1,53,199680,2.825115,8,344700,94,762121,5.0,7,-1,53,401563
57,Spd_RF2_60_83_1067.txt,3.183924,10,326923,41,371228,6.0,9,-1,2327,190623,3.186251,10,624726,41,748071,6.0,9,-1,2327,374885
58,Spd_RF2_60_83_1075.txt,4.061353,11,172998,82,372398,7.0,10,-1,124,191755,4.061353,11,172998,82,747240,7.0,10,-1,124,381707
59,Spd_RF2_60_83_1083.txt,3.015032,10,316608,6,375417,6.0,9,-1,47,193238,3.015032,10,316608,6,746413,6.0,9,-1,47,384794
60,Spd_RF2_60_95_1091.txt,2.42227,8,149665,404,343657,2.0,8,-1,31,176553,2.425385,8,347849,404,686089,2.0,8,-1,31,351852
61,Spd_RF2_60_95_1099.txt,2.059018,7,357558,11855,358057,2.0,6,-1,1168,180361,2.059018,7,357558,11855,725317,2.0,6,-1,1168,361195
62,Spd_RF2_60_95_1107.txt,1.361354,4,55522,55,359396,0.0,4,-1,44,179522,1.361354,4,55522,55,720686,0.0,4,-1,44,359354
63,Spd_RF2_60_95_1115.txt,2.10484,8,30188,297,374431,5.0,7,-1,66,181353,2.10484,8,30188,297,754969,5.0,7,-1,66,364869
64,Spd_RF2_60_95_1123.txt,1.691667,7,52989,473329,473330,2.0,6,-1,11563,180824,1.691667,7,52989,966223,966225,2.0,6,-1,11563,361824
65,Spd_RF2_60_107_1131.txt,1.144886,4,335777,2885,339030,0.541709,4,35006,10607,172629,1.144886,4,335777,2885,677717,0.541709,4,35006,10607,342328
66,Spd_RF2_60_107_1139.txt,1.398206,6,55872,9118,324999,2.0,6,-1,1147,164075,1.398206,6,55872,9118,664055,2.0,6,-1,1147,338527
67,Spd_RF2_60_107_1147.txt,1.109037,4,55923,78,326489,0.380306,4,69600,69,171221,1.122239,3,471939,439813,658526,0.380306,4,69600,69,343674
68,Spd_RF2_60_107_1155.txt,1.314142,6,97404,7964,384475,2.0,5,-1,157039,167749,1.314142,6,97404,7964,798904,2.0,5,-1,157039,339360
69,Spd_RF2_60_107_1163.txt,1.32898,5,281209,62570,337630,1.0,6,-1,221,174258,1.330144,5,346825,62570,676485,1.0,6,-1,221,344160
70,Spd_RF2_60_119_1171.txt,0.403349,6,112992,11330,316383,0.0,6,-1,20902,167400,0.404474,6,593238,11330,635149,0.0,5,-1,242878,328005
71,Spd_RF2_60_119_1179.txt,0.609573,4,127665,1857,312491,0.0,4,-1,15794,165858,0.615409,4,620339,1857,626081,0.0,4,-1,15794,329235
72,Spd_RF2_60_119_1187.txt,0.375664,2,124186,21363,346782,1.0,3,-1,30300,189125,0.375664,2,124186,21363,743335,1.0,3,-1,30300,383568
73,Spd_RF2_60_119_1195.txt,0.543204,5,44,40,319678,0.0,4,-1,76282,165412,0.550921,5,596292,40,631854,0.0,4,-1,76282,330913
74,Spd_RF2_60_119_1203.txt,0.747453,3,222288,51060,319120,0.0,4,-1,14913,166000,0.748746,3,348717,51060,633814,0.0,3,-1,215193,323832
75,Spd_RF2_80_93_1411.txt,7.209373,18,37735,4,292252,13.0,17,-1,8,203696,7.209373,18,37735,4,588480,13.0,17,-1,8,406435
76,Spd_RF2_80_93_1419.txt,7.518901,18,466,12,320805,13.0,17,-1,6,209782,7.518901,18,466,12,640425,13.0,17,-1,6,422094
77,Spd_RF2_80_93_1427.txt,7.527952,17,1741,246,321623,16.0,17,-1,73,227971,7.527952,17,1741,246,651961,16.0,17,-1,73,456012
78,Spd_RF2_80_93_1435.txt,7.442746,17,36207,41840,291492,12.0,17,-1,7,201370,7.442746,17,36207,41840,587191,12.0,17,-1,7,404054
79,Spd_RF2_80_93_1443.txt,7.770932,18,91873,68,275721,12.0,18,-1,4,214085,7.774448,18,438750,68,555760,12.0,18,-1,4,427431
80,Spd_RF2_80_106_1451.txt,4.744524,13,68473,3021,261096,5.0,12,-1,636,184741,4.744524,13,68473,3021,522141,5.0,12,-1,636,370661
81,Spd_RF2_80_106_1459.txt,4.923898,13,170200,3337,256970,10.0,12,-1,62,196383,4.924438,13,327256,3337,518510,10.0,12,-1,62,392415
82,Spd_RF2_80_106_1467.txt,5.107627,14,59349,33,259951,8.0,14,-1,37,195816,5.109675,14,496156,33,524841,8.0,14,-1,37,390989
83,Spd_RF2_80_106_1475.txt,4.982864,13,189186,5976,261509,10.0,12,-1,147,202089,4.983208,13,347866,5976,523036,10.0,12,-1,147,404128
84,Spd_RF2_80_106_1483.txt,5.0,15,9318,339412,339413,8.0,12,-1,69,192160,5.0,15,9318,684970,684971,8.0,12,-1,69,386568
85,Spd_RF2_80_120_1491.txt,3.311623,10,69845,56464,245419,4.0,9,-1,61,172293,3.311623,10,69845,56464,492626,4.0,9,-1,61,345306
86,Spd_RF2_80_120_1499.txt,3.019067,10,119974,637,252500,4.0,10,-1,53,174978,3.020924,10,507266,637,508972,4.0,10,-1,53,344365
87,Spd_RF2_80_120_1507.txt,3.151234,9,97720,3207,249306,5.0,8,-1,1401,180172,3.158867,9,375299,3207,494721,5.0,8,-1,1401,363464
88,Spd_RF2_80_120_1515.txt,3.930744,13,104812,9510,249923,5.0,11,-1,15892,179508,3.937736,13,431893,9510,497749,5.0,11,-1,15892,363286
89,Spd_RF2_80_120_1523.txt,3.499778,12,54222,33,258076,6.0,12,-1,13,193602,3.499778,12,54222,33,534120,6.0,12,-1,13,387952
90,Spd_RF2_80_133_1531.txt,2.489616,7,232330,189825,235834,1.0,7,-1,56685,166544,2.505606,7,284792,189825,472450,1.0,7,-1,56685,333904
91,Spd_RF2_80_133_1539.txt,2.144302,8,100371,373,232325,2.0,7,-1,273,166633,2.150677,7,312967,276194,463835,2.0,7,-1,273,333480
92,Spd_RF2_80_133_1547.txt,1.904262,5,115424,456,242483,1.13167,5,52893,6830,171856,1.907255,5,428130,456,486712,1.134828,5,206202,6830,341964
93,Spd_RF2_80_133_1555.txt,1.875579,5,235,189,243699,2.0,5,-1,215,171162,1.875579,5,235,189,488873,2.0,5,-1,215,340660
94,Spd_RF2_80_133_1563.txt,2.103257,10,56267,50088,231677,5.0,8,-1,134403,166572,2.103257,10,56267,50088,462579,5.0,8,-1,134403,335013
95,Spd_RF2_80_147_1571.txt,1.055604,4,197215,66859,226549,0.0,4,-1,78441,162555,1.057048,4,356641,66859,453464,0.0,4,-1,78441,327290
96,Spd_RF2_80_147_1579.txt,1.501977,4,112977,138908,230763,3.0,5,-1,3775,162023,1.501977,4,112977,346366,457726,3.0,5,-1,3775,325719
97,Spd_RF2_80_147_1587.txt,1.212845,6,168172,93447,221450,1.0,6,-1,7871,161595,1.215275,6,227274,93447,442939,1.0,6,-1,7871,324038
98,Spd_RF2_80_147_1595.txt,1.506663,5,148847,1192,224060,1.0,4,-1,194,168185,1.508558,5,287853,1192,445125,1.0,4,-1,194,332260
99,Spd_RF2_80_147_1603.txt,1.223946,6,113893,59707,225158,1.0,6,-1,93751,158280,1.226626,6,390690,59707,450896,1.0,6,-1,93751,318299
100,Spd_RF2_100_114_1811.txt,11.319329,27,146097,9857,229826,23.148893,26,38788,165,141824,11.319329,27,146097,9857,458092,23.148893,26,38788,165,282894
101,Spd_RF2_100_114_1819.txt,11.036636,24,136842,21,223703,20.310611,24,129,81,143828,11.036636,24,136842,21,454677,20.310611,24,129,81,289485
102,Spd_RF2_100_114_1827.txt,11.04945,24,135094,163849,220872,20.101156,23,55584,147,135148,11.061838,24,263303,163849,451886,20.101221,23,181936,147,278090
103,Spd_RF2_100_114_1835.txt,10.330527,25,23,13,240611,20.0,23,-1,9,149017,10.330527,25,23,13,480999,20.0,23,-1,9,295950
104,Spd_RF2_100_114_1843.txt,10.469865,26,20,4,241770,18.0,26,-1,7,142888,10.469865,26,20,4,484620,18.0,26,-1,7,284616
105,Spd_RF2_100_129_1851.txt,7.439235,20,174789,1560,215007,13.0,20,-1,122,128006,7.44622,20,311329,1560,428214,13.0,20,-1,122,253451
106,Spd_RF2_100_129_1859.txt,7.226245,19,123090,4607,212654,11.0,18,-1,1316,128410,7.230193,19,322517,4607,425207,11.0,18,-1,1316,258486
107,Spd_RF2_100_129_1867.txt,7.249939,19,184200,183,216853,11.0,18,-1,34,135401,7.250307,19,402299,183,435714,11.0,18,-1,34,273075
108,Spd_RF2_100_129_1875.txt,6.70082,18,140156,45260,210531,13.0,17,-1,8689,128708,6.70082,18,140156,45260,427286,13.0,17,-1,8689,258033
109,Spd_RF2_100_129_1883.txt,7.308145,18,61242,2293,215341,12.0,17,-1,15,137584,7.308145,18,61242,2293,428691,12.0,17,-1,15,275306
110,Spd_RF2_100_144_1891.txt,4.942245,15,148479,3899,203023,8.215516,15,106307,217,124567,4.942245,15,148479,3899,409030,8.215516,15,106307,217,250637
111,Spd_RF2_100_144_1899.txt,4.611717,14,80211,29876,202285,7.0,12,-1,1380,121482,4.61293,14,402435,29876,407663,7.0,12,-1,1380,245620
112,Spd_RF2_100_144_1907.txt,5.464398,16,154653,2254,209127,11.0,15,-1,98,126345,5.464998,16,360541,2254,419531,11.0,15,-1,98,256192
113,Spd_RF2_100_144_1915.txt,4.556261,11,83842,1343,206536,3.0,11,-1,372,121197,4.556261,11,83842,1343,411574,3.0,11,-1,372,246015
114,Spd_RF2_100_144_1923.txt,4.883333,18,14475,258791,258793,9.0,15,-1,649,122810,4.883333,18,14475,524445,524447,9.0,15,-1,649,245963
115,Spd_RF2_100_159_1931.txt,3.454542,11,137750,18494,187763,3.096614,10,37371,19061,116425,3.459453,11,199069,18494,376313,3.102345,10,170489,19061,236703
116,Spd_RF2_100_159_1939.txt,3.593119,12,164622,586,189338,3.0,11,-1,2323,117987,3.593119,12,164622,586,378735,3.0,11,-1,2323,236000
117,Spd_RF2_100_159_1947.txt,2.928527,9,147170,125,194333,2.0,8,-1,214,120164,2.928527,9,147170,125,389156,2.0,8,-1,214,238874
118,Spd_RF2_100_159_1955.txt,3.055525,10,49478,39,190568,4.0,8,-1,683,120365,3.055525,10,49478,39,380542,4.0,8,-1,683,239672
119,Spd_RF2_100_159_1963.txt,3.529332,13,23674,4871,187006,6.0,11,-1,28264,119376,3.538123,13,346258,4871,377939,6.0,11,-1,28264,239464
120,Spd_RF2_100_174_1971.txt,2.05585,10,140372,7978,183377,5.0,8,-1,27008,115548,2.063521,9,362555,301913,366504,5.0,8,-1,27008,230922
121,Spd_RF2_100_174_1979.txt,2.241121,10,167553,36486,182450,2.0,10,-1,57894,114087,2.241121,10,167553,36486,361999,2.0,9,-1,188352,227380
122,Spd_RF2_100_174_1987.txt,2.895713,12,162430,116129,179975,5.0,11,-1,24465,115182,2.895713,12,162430,116129,360345,5.0,11,-1,24465,230023
123,Spd_RF2_100_174_1995.txt,2.431192,8,94569,38462,185820,3.102799,7,8575,262,117394,2.431192,8,94569,38462,370153,3.102799,7,8575,262,232470
124,Spd_RF2_100_174_2003.txt,1.895967,7,84000,1225,184230,1.0,6,-1,25219,115799,1.898374,7,309638,1225,369089,1.0,6,-1,25219,231205
125,Spd_RF2_120_136_2211.txt,13.337495,31,512,400,203392,27.0,30,-1,25,102172,13.337495,31,512,400,408091,27.0,30,-1,25,204984
126,Spd_RF2_120_136_2219.txt,13.335687,31,50943,29,187692,25.0,29,-1,80,100621,13.34812,31,339869,29,375646,25.0,29,-1,80,201710
127,Spd_RF2_120_136_2227.txt,13.444121,31,127577,142,186886,23.0,30,-1,23,101663,13.44456,31,369693,142,379008,23.0,30,-1,23,201823
128,Spd_RF2_120_136_2235.txt,13.291844,30,124913,10644,191896,26.196515,30,75620,642,101703,13.31147,30,339970,10644,382846,26.196515,30,75620,642,204841
129,Spd_RF2_120_136_2243.txt,13.14973,30,1,61,194696,25.0,31,-1,11,107566,13.14973,30,1,61,390780,25.0,31,-1,11,212443
130,Spd_RF2_120_152_2251.txt,8.933691,23,106776,396,178231,17.0,21,-1,48,96425,8.933691,23,106776,396,357319,17.0,21,-1,48,192839
131,Spd_RF2_120_152_2259.txt,9.512264,25,160949,18149,180325,17.0,23,-1,40,95336,9.517824,25,301613,18149,360686,17.0,23,-1,40,191475
132,Spd_RF2_120_152_2267.txt,9.304264,24,168074,557,178027,18.0,23,-1,109,95460,9.312044,24,252894,557,356339,18.0,23,-1,109,190118
133,Spd_RF2_120_152_2275.txt,9.008462,23,60593,311,180905,15.0,22,-1,30,96173,9.012876,23,230154,311,361905,15.0,22,-1,30,192752
134,Spd_RF2_120_152_2283.txt,9.484887,26,53939,1852,182054,21.0,24,-1,41,95422,9.488248,26,195158,1852,366555,21.0,24,-1,41,191500
135,Spd_RF2_120_169_2291.txt,6.634023,21,7085,23,174182,11.0,17,-1,1911,91059,6.634023,21,7085,23,350251,11.0,17,-1,1911,183296
136,Spd_RF2_120_169_2299.txt,6.527792,21,44488,30,169471,12.0,18,-1,1737,89707,6.527792,21,44488,30,341384,12.0,18,-1,1737,177928
137,Spd_RF2_120_169_2307.txt,6.082031,17,18414,117,168484,7.0,16,-1,96,89953,6.087178,17,237585,117,337233,7.0,16,-1,96,179823
138,Spd_RF2_120_169_2315.txt,6.416917,20,62667,11463,171079,10.0,19,-1,76,90393,6.427153,20,237645,11463,345111,10.0,19,-1,76,180958
139,Spd_RF2_120_169_2323.txt,7.168863,21,68401,179,170856,13.0,17,-1,110,94438,7.181116,21,304773,179,339235,13.0,17,-1,110,188724
140,Spd_RF2_120_185_2331.txt,4.757743,13,16988,6799,165201,3.661522,15,67491,45916,88866,4.764652,13,330408,6799,331992,3.676673,15,155766,45916,177633
141,Spd_RF2_120_185_2339.txt,5.038737,18,92007,1053,167223,7.0,15,-1,196,87636,5.060085,18,303877,1053,335109,7.0,15,-1,196,174269
142,Spd_RF2_120_185_2347.txt,4.749431,15,157825,17596,161010,7.0,13,-1,294,87238,4.749431,15,157825,17596,322531,7.0,13,-1,294,174303
143,Spd_RF2_120_185_2355.txt,4.232364,13,29331,5068,161234,5.0,13,-1,8224,88647,4.239993,12,293278,286147,327662,5.0,12,-1,117792,176828
144,Spd_RF2_120_185_2363.txt,4.771638,17,74420,29835,161680,9.0,13,-1,139,88573,4.7807,17,266998,29835,323837,9.0,13,-1,139,175119
145,Spd_RF2_120_202_2371.txt,2.934783,8,120480,99617,155991,2.0,10,-1,6012,85015,2.940852,8,232546,99617,312684,2.0,10,-1,6012,172164
146,Spd_RF2_120_202_2379.txt,4.644354,17,136338,9678,155246,5.0,14,-1,10750,84929,4.644354,17,136338,9678,311042,5.0,14,-1,10750,170542
147,Spd_RF2_120_202_2387.txt,3.083816,12,154109,2871,155810,6.0,9,-1,354,86247,3.083816,12,154109,2871,313018,6.0,9,-1,354,170161
148,Spd_RF2_120_202_2395.txt,3.115633,11,150419,34238,155515,3.185428,9,65457,25447,85585,3.118603,11,216758,34238,311414,3.193308,9,169227,25447,171043
149,Spd_RF2_120_202_2403.txt,3.463365,14,80474,75420,151680,6.0,11,-1,234,85845,3.483174,14,198126,75420,307408,6.0,11,-1,234,172322
150,Spd_RF2_140_157_2611.txt,15.487612,36,24345,173,164846,29.0,36,-1,89,127008,15.504437,36,283737,173,329828,29.0,36,-1,89,258138
151,Spd_RF2_140_157_2619.txt,15.342424,36,1,29,161901,31.14949,35,23426,41,122646,15.353565,36,221035,29,324033,31.14949,35,23426,41,244861
152,Spd_RF2_140_157_2627.txt,15.544776,37,1,85,162970,28.304244,36,24261,168,120578,15.544776,37,1,85,325603,28.30472,36,168768,168,237295
153,Spd_RF2_140_157_2635.txt,15.735636,36,12621,54,163045,28.0,35,-1,44,123568,15.735636,36,12621,54,325924,28.0,35,-1,44,247685
154,Spd_RF2_140_157_2643.txt,15.569514,35,1,130,161779,28.0,35,-1,9,122665,15.569514,35,1,130,322523,28.0,35,-1,9,246669
155,Spd_RF2_140_175_2651.txt,10.926263,28,94757,326,155600,16.0,26,-1,35,113210,10.926263,28,94757,326,311013,16.0,26,-1,35,225075
156,Spd_RF2_140_175_2659.txt,11.575822,30,26846,34,153967,21.0,28,-1,36,114338,11.575822,30,26846,34,308256,21.0,28,-1,36,229535
157,Spd_RF2_140_175_2667.txt,10.959733,29,53160,473,152114,19.15174,26,80832,190,114053,10.97095,29,206160,473,303308,19.15174,26,80832,190,220165
158,Spd_RF2_140_175_2675.txt,10.937295,29,3158,1284,153206,20.0,26,-1,189,113452,10.937295,28,3158,180929,309073,20.0,26,-1,189,225455
159,Spd_RF2_140_175_2683.txt,11.724594,29,97355,380,153672,22.0,28,-1,36,118383,11.724594,29,97355,380,306375,22.0,28,-1,36,238373
160,Spd_RF2_140_193_2691.txt,7.868906,20,74839,915,146910,13.0,19,-1,1876,102597,7.873975,20,184919,915,293970,13.0,19,-1,1876,212846
161,Spd_RF2_140_193_2699.txt,7.443128,23,72404,121574,149796,9.0,21,-1,31,107697,7.45154,23,198923,121574,300675,9.0,21,-1,31,215700
162,Spd_RF2_140_193_2707.txt,8.385189,23,140328,21950,145480,14.0,20,-1,121,108422,8.398417,23,189222,21950,290474,14.0,20,-1,121,215116
163,Spd_RF2_140_193_2715.txt,8.062652,25,131371,17526,147278,12.0,22,-1,14946,110041,8.065104,25,196339,17526,296223,12.0,22,-1,14946,218826
164,Spd_RF2_140_193_2723.txt,7.09377,21,92506,3173,149727,9.0,20,-1,16138,107714,7.09377,21,92506,3173,298628,9.0,20,-1,16138,213871
165,Spd_RF2_140_211_2731.txt,6.374347,21,40480,1563,139227,10.0,16,-1,82,102569,6.430947,21,220802,1563,279382,10.0,16,-1,82,205646
166,Spd_RF2_140_211_2739.txt,6.356047,23,110170,91366,140296,10.0,21,-1,103,102371,6.364651,23,203433,91366,280081,10.0,21,-1,103,204957
167,Spd_RF2_140_211_2747.txt,6.001374,20,131838,905,139024,10.0,17,-1,129,103530,6.015238,20,225747,905,276461,10.0,17,-1,129,206744
168,Spd_RF2_140_211_2755.txt,6.648949,19,31539,2027,140715,11.0,15,-1,98,104254,6.653243,19,273437,2027,281491,11.0,15,-1,98,209641
169,Spd_RF2_140_211_2763.txt,5.834322,18,21997,159,141914,9.363709,18,82402,6604,104330,5.834322,18,21997,159,286973,9.363709,18,82402,6604,208525
170,Spd_RF2_140_229_2771.txt,4.262342,12,111843,38502,134244,3.186163,11,6720,393,100164,4.262342,12,111843,38502,268096,3.186163,11,6720,393,197107
171,Spd_RF2_140_229_2779.txt,4.14873,14,97768,6970,135059,2.51626,14,25441,22861,98891,4.14873,14,97768,6970,269901,2.533597,14,128548,22861,198011
172,Spd_RF2_140_229_2787.txt,4.281406,16,108543,96557,133607,3.0,14,-1,3285,99353,4.281406,16,108543,96557,264685,3.0,14,-1,3285,199232
173,Spd_RF2_140_229_2795.txt,3.986238,19,117220,47697,133244,8.0,12,-1,22139,100389,3.993128,19,188450,47697,266573,8.0,12,-1,22139,202420
174,Spd_RF2_140_229_2803.txt,4.696334,17,46021,4000,134901,5.0,14,-1,18282,99676,4.696334,16,46021,146798,269742,5.0,14,-1,18282,200153
175,Spd_RF2_160_179_3011.txt,18.178169,41,104881,7,143582,35.0,40,-1,21,92195,18.178169,41,104881,7,287141,35.0,40,-1,21,184636
176,Spd_RF2_160_179_3019.txt,18.562361,40,1,2058,145074,34.0,40,-1,5,90428,18.562361,40,1,2058,289687,34.0,40,-1,5,179070
177,Spd_RF2_160_179_3027.txt,18.343659,43,56842,5061,143874,33.150892,43,12885,121,89867,18.343659,43,56842,5061,289908,33.150892,43,12885,121,179868
178,Spd_RF2_160_179_3035.txt,18.388962,41,1,57,143733,34.0,41,-1,32,93919,18.388962,41,1,57,287513,34.0,41,-1,32,184557
179,Spd_RF2_160_179_3043.txt,18.28582,42,81456,99080,143385,36.0,40,-1,7,91948,18.315185,42,175228,99080,286845,36.0,40,-1,7,182796
180,Spd_RF2_160_198_3051.txt,14.088206,36,89358,50712,135628,29.0,33,-1,63,85839,14.090093,36,232869,50712,270864,29.0,33,-1,63,172607
181,Spd_RF2_160_198_3059.txt,12.757665,34,34742,2957,135998,21.0,32,-1,19611,85916,12.757665,34,34742,2957,271295,21.0,32,-1,19611,169204
182,Spd_RF2_160_198_3067.txt,13.645471,36,58119,2223,136834,26.0,34,-1,50,84022,13.64727,36,206760,2223,271308,26.0,34,-1,50,169715
183,Spd_RF2_160_198_3075.txt,13.247788,34,30246,1904,135296,22.077471,32,51527,237,83517,13.247788,34,30246,1904,269876,22.077471,32,51527,237,168827
184,Spd_RF2_160_198_3083.txt,13.677502,36,69477,33625,135767,24.412898,34,15926,50,84038,13.703664,36,253600,33625,271199,24.412955,34,135260,50,167781
185,Spd_RF2_160_218_3091.txt,8.932074,27,73473,36941,132146,16.0,25,-1,59,81249,8.932074,27,73473,36941,260966,16.0,25,-1,59,162677
186,Spd_RF2_160_218_3099.txt,10.192054,32,46140,41552,128605,20.0,28,-1,60,81405,10.192054,32,46140,41552,258105,20.0,28,-1,60,163351
187,Spd_RF2_160_218_3107.txt,8.865679,24,67310,1333,129536,14.0,22,-1,182,80290,8.865679,24,67310,1333,259695,14.0,22,-1,182,159793
188,Spd_RF2_160_218_3115.txt,9.565233,28,21740,78696,131966,18.210464,26,72331,51,80456,9.565233,28,21740,78696,263727,18.210906,26,119142,51,161153
189,Spd_RF2_160_218_3123.txt,9.794759,29,116887,7614,129130,16.0,26,-1,106,79531,9.821772,29,153392,7614,258366,16.0,26,-1,106,159494
190,Spd_RF2_160_237_3131.txt,7.936884,28,73018,4589,124259,15.0,22,-1,239,78490,7.953708,27,169485,140142,248906,15.0,22,-1,239,155508
191,Spd_RF2_160_237_3139.txt,7.429497,22,116307,98472,121986,9.0,19,-1,2886,78614,7.429497,22,116307,98472,244331,9.0,19,-1,2886,157004
192,Spd_RF2_160_237_3147.txt,6.874047,23,98103,11328,124847,7.0,21,-1,31810,77876,6.883032,23,228057,11328,249977,7.0,21,-1,31810,157226
193,Spd_RF2_160_237_3155.txt,7.138914,21,28130,62619,125014,9.0,21,-1,7390,78776,7.155114,21,212055,62619,250060,9.0,21,-1,7390,157179
194,Spd_RF2_160_237_3163.txt,7.175955,24,54948,14716,124763,14.0,19,-1,57621,79306,7.182841,24,194507,14716,250105,14.0,19,-1,57621,157578
195,Spd_RF2_160_257_3171.txt,5.964014,21,71315,58808,119056,9.0,18,-1,1665,75958,5.964014,21,71315,58808,238567,9.0,18,-1,1665,152878
196,Spd_RF2_160_257_3179.txt,5.376857,20,82684,16580,117645,9.0,16,-1,4627,75484,5.394521,20,136860,16580,235787,9.0,16,-1,4627,151705
197,Spd_RF2_160_257_3187.txt,5.23806,21,111585,1038,112817,3.0,19,-1,1374,77039,5.246084,21,179297,1038,240079,3.0,18,-1,85014,153248
198,Spd_RF2_160_257_3195.txt,5.22753,17,60684,58703,120599,6.0,16,-1,32463,76812,5.23454,17,229685,58703,241384,6.0,16,-1,32463,153579
199,Spd_RF2_160_257_3203.txt,5.238459,18,62499,680,119374,8.0,16,-1,15662,77321,5.238459,18,62499,680,238656,8.0,16,-1,15662,153755
200,Spd_RF2_180_200_3411.txt,21.654777,48,112624,59,128297,43.0,47,-1,251,69854,21.654777,48,112624,59,255724,43.0,47,-1,251,138387
201,Spd_RF2_180_200_3419.txt,21.54256,49,115892,6001,129611,41.140381,48,7207,55,71015,21.558435,49,239122,6001,259270,41.140381,48,7207,55,143461
202,Spd_RF2_180_200_3427.txt,22.040964,48,27857,29,130184,40.0,49,-1,4,70410,22.043599,48,139788,29,260585,40.0,49,-1,4,139385
203,Spd_RF2_180_200_3435.txt,21.78637,47,1,25,127538,41.0,47,-1,46,69676,21.78637,47,1,25,256981,41.0,47,-1,46,139643
204,Spd_RF2_180_200_3443.txt,20.705079,48,94497,16,128140,37.0,46,-1,10,68390,20.705079,48,94497,16,257020,37.0,46,-1,10,137467
205,Spd_RF2_180_221_3451.txt,14.451936,38,3007,1752,120281,25.0,36,-1,105,65328,14.451936,38,3007,1752,239455,25.0,36,-1,105,130749
206,Spd_RF2_180_221_3459.txt,15.876563,42,86439,319,122317,24.0,39,-1,1227,65619,15.876563,42,86439,319,244798,24.0,39,-1,1227,130279
207,Spd_RF2_180_221_3467.txt,15.497272,39,7044,2062,119843,28.0,35,-1,64,65998,15.497272,39,7044,2062,242334,28.0,35,-1,64,131426
208,Spd_RF2_180_221_3475.txt,15.146537,41,99778,4058,120247,25.0,37,-1,19511,65224,15.146537,41,99778,4058,241642,25.0,37,-1,19511,129883
209,Spd_RF2_180_221_3483.txt,15.750324,42,19105,54839,121589,33.0,39,-1,3849,66038,15.7516,42,221795,54839,243117,33.0,39,-1,3849,131443
210,Spd_RF2_180_242_3491.txt,11.206747,31,115737,1537,115778,18.0,26,-1,342,62623,11.206747,31,115737,1537,231263,18.0,26,-1,342,125406
211,Spd_RF2_180_242_3499.txt,11.741068,32,93528,1822,116507,19.0,29,-1,176,61988,11.741068,31,93528,169166,232898,19.0,29,-1,176,124884
212,Spd_RF2_180_242_3507.txt,10.838022,32,108499,426,117052,17.0,27,-1,2810,63299,10.838022,32,108499,426,234688,17.0,27,-1,2810,127163
213,Spd_RF2_180_242_3515.txt,11.162401,31,82545,1437,115915,20.0,28,-1,212,63367,11.176438,31,200023,1437,231227,20.0,28,-1,212,127296
214,Spd_RF2_180_242_3523.txt,10.86788,29,31390,2563,116360,15.0,27,-1,186,62230,10.874541,29,222343,2563,232944,15.0,27,-1,186,124535
215,Spd_RF2_180_263_3531.txt,8.413514,24,21195,4363,108766,8.0,24,-1,888,60515,8.42477,24,189540,4363,218311,8.0,23,-1,85127,120767
216,Spd_RF2_180_263_3539.txt,9.225362,27,23586,7091,110330,14.098265,23,12357,79,60764,9.225362,27,23586,7091,220752,14.098752,23,72735,79,122098
217,Spd_RF2_180_263_3547.txt,8.402052,25,108452,79291,110473,14.0,21,-1,21445,61922,8.402052,25,108452,79291,219855,14.0,21,-1,21445,123973
218,Spd_RF2_180_263_3555.txt,9.104572,28,13117,3023,109411,13.0,25,-1,1973,60914,9.123023,27,207333,128784,216494,13.0,25,-1,1973,122288
219,Spd_RF2_180_263_3563.txt,9.082631,29,106282,4198,110225,14.0,24,-1,114,60747,9.082631,29,106282,4198,220423,14.0,24,-1,114,120612
220,Spd_RF2_180_284_3571.txt,6.537462,20,76324,74617,108044,6.0,20,-1,574,59691,6.539667,20,130900,74617,216439,6.0,20,-1,574,119581
221,Spd_RF2_180_284_3579.txt,6.702405,24,106475,38147,108958,8.0,20,-1,54502,60669,6.713435,23,199969,153931,216372,8.0,20,-1,54502,121015
222,Spd_RF2_180_284_3587.txt,6.063882,23,62750,11823,107710,3.121847,20,14101,18250,60339,6.063882,23,62750,11823,215853,3.121848,20,99170,18250,120443
223,Spd_RF2_180_284_3595.txt,8.037992,28,64865,17128,106100,13.0,23,-1,33689,59863,8.037992,28,64865,17128,211834,13.0,23,-1,33689,119942
224,Spd_RF2_180_284_3603.txt,7.418431,28,82047,45687,106272,15.0,23,-1,5779,60203,7.41855,28,194837,45687,212090,15.0,23,-1,5779,120797
225,Spd_RF2_200_222_3811.txt,24.228222,53,1,407,115779,47.0,51,-1,42,89533,24.228222,53,1,407,232044,47.0,51,-1,42,179593
226,Spd_RF2_200_222_3819.txt,24.065688,52,1565,21503,114814,46.0,50,-1,130,91812,24.071618,52,153407,21503,229361,46.0,50,-1,130,183807
227,Spd_RF2_200_222_3827.txt,23.839741,53,84837,4113,116376,45.0,52,-1,8,89065,23.872209,53,145229,4113,233191,45.0,52,-1,8,178140
228,Spd_RF2_200_222_3835.txt,23.69848,52,1,898,114938,45.0,51,-1,118,88530,23.69848,52,1,898,229775,45.0,51,-1,118,180350
229,Spd_RF2_200_222_3843.txt,24.281734,53,1,24,116104,46.0,52,-1,79,89477,24.281734,53,1,24,230581,46.0,52,-1,79,178814
230,Spd_RF2_200_244_3851.txt,17.638273,45,42639,10807,109295,34.0,42,-1,71,84508,17.646277,45,123285,10807,218191,34.0,42,-1,71,168885
231,Spd_RF2_200_244_3859.txt,18.650917,49,98322,25172,111252,36.0,44,-1,136,83437,18.671017,49,166215,25172,222080,36.0,44,-1,136,166951
232,Spd_RF2_200_244_3867.txt,17.478995,41,32379,78555,108325,32.0,39,-1,5704,84260,17.498042,41,187001,78555,216807,32.0,39,-1,5704,168775
233,Spd_RF2_200_244_3875.txt,17.0833,41,18948,3050,108631,30.0,40,-1,65,85218,17.088958,41,205391,3050,218530,30.0,40,-1,65,170432
234,Spd_RF2_200_244_3883.txt,17.262887,44,109850,1942,110639,29.0,40,-1,2143,81863,17.262887,44,109850,1942,221526,29.0,40,-1,2143,163174
235,Spd_RF2_200_267_3891.txt,13.350982,35,9351,70308,104459,21.0,34,-1,42375,77611,13.370803,35,203845,70308,209417,21.0,34,-1,42375,156942
236,Spd_RF2_200_267_3899.txt,13.219106,37,23999,15283,105818,21.0,32,-1,3165,78267,13.219106,37,23999,15283,211090,21.0,32,-1,3165,156130
237,Spd_RF2_200_267_3907.txt,12.732656,37,46953,2069,103805,26.0,32,-1,6781,80015,12.748666,36,149902,180766,207635,26.0,32,-1,6781,160276
238,Spd_RF2_200_267_3915.txt,12.582148,39,42944,19891,105438,25.0,32,-1,52805,79869,12.619145,39,180256,19891,210990,25.0,32,-1,52805,159893
239,Spd_RF2_200_267_3923.txt,12.857812,39,49598,655,104274,24.0,32,-1,71,79430,12.862213,38,134343,121443,208995,24.0,32,-1,71,159006
240,Spd_RF2_200_289_3931.txt,9.512175,29,75082,93155,100079,14.0,25,-1,37016,75517,9.512175,29,75082,93155,200606,14.0,25,-1,37016,150394
241,Spd_RF2_200_289_3939.txt,10.160156,33,88274,47756,99245,15.0,29,-1,48,75169,10.195121,33,132938,47756,199046,15.0,29,-1,48,150099
242,Spd_RF2_200_289_3947.txt,9.885541,34,50239,79627,98510,15.0,28,-1,31556,74370,9.922706,34,103914,79627,201036,15.0,28,-1,31556,151747
243,Spd_RF2_200_289_3955.txt,11.286206,33,40263,4155,100968,17.0,29,-1,6946,75662,11.286206,33,40263,4155,202260,17.0,29,-1,6946,151219
244,Spd_RF2_200_289_3963.txt,10.098271,31,49055,45229,99868,16.0,29,-1,1011,74168,10.107809,31,115427,45229,200290,16.0,29,-1,1011,149889
245,Spd_RF2_200_312_3971.txt,7.979409,24,19001,15498,96766,10.0,22,-1,18190,72527,7.981014,24,136301,15498,193968,10.0,22,-1,18190,144813
246,Spd_RF2_200_312_3979.txt,6.444337,24,38301,78750,98643,9.0,19,-1,1803,71664,6.444337,24,38301,78750,197110,9.0,18,-1,126656,144656
247,Spd_RF2_200_312_3987.txt,7.566843,29,7004,88699,96496,14.0,24,-1,31730,72914,7.588931,29,160954,88699,193150,14.0,23,-1,102836,146772
248,Spd_RF2_200_312_3995.txt,6.970056,26,84329,11097,97219,10.0,22,-1,70730,71646,6.980198,25,149703,115727,194416,10.0,22,-1,70730,145909
249,Spd_RF2_200_312_4003.txt,7.650604,29,47952,5474,97136,12.0,24,-1,64602,73583,7.668041,29,136772,5474,194353,12.0,24,-1,64602,146551
250,Spd_RF2_250_273_4011.txt,31.979487,70,1,2114,94746,61.0,67,-1,1428,49058,31.979487,70,1,2114,189783,61.0,67,-1,1428,97641
251,Spd_RF2_250_273_4019.txt,31.909271,65,1,7576,95485,59.0,66,-1,14,48100,31.909271,65,1,7576,191251,59.0,66,-1,14,96395
252,Spd_RF2_250_273_4027.txt,31.351792,68,1,663,96018,59.0,67,-1,129,48569,31.351792,67,1,167226,191643,59.0,67,-1,129,97004
253,Spd_RF2_250_273_4035.txt,31.096537,68,1,2136,95262,59.0,68,-1,18,49007,31.096537,68,1,2136,190996,59.0,68,-1,18,98306
254,Spd_RF2_250_273_4043.txt,31.513103,70,1,1168,96318,62.0,67,-1,20,48683,31.513103,69,1,155850,193120,62.0,67,-1,20,97278
255,Spd_RF2_250_297_4051.txt,23.167538,58,59613,41325,89288,42.0,54,-1,580,45772,23.189896,58,176980,41325,179708,42.0,54,-1,580,91666
256,Spd_RF2_250_297_4059.txt,23.857926,61,82586,67456,89566,46.210981,58,41762,2524,46145,23.882636,61,99743,67456,178872,46.213962,58,79107,2524,92173
257,Spd_RF2_250_297_4067.txt,23.303158,55,13775,3408,89148,42.0,53,-1,69,45506,23.378821,55,161760,3408,178449,42.0,53,-1,69,90502
258,Spd_RF2_250_297_4075.txt,23.643025,62,18075,48823,89894,44.759978,57,37972,3982,46044,23.643025,62,18075,48823,179941,44.759978,57,37972,3982,91745
259,Spd_RF2_250_297_4083.txt,23.936498,59,73617,3620,89580,42.218059,54,27135,312,45642,23.963841,59,95722,3620,179491,42.218059,54,27135,312,91024
260,Spd_RF2_250_321_4091.txt,19.480705,55,73807,18478,85037,35.0,48,-1,190,44374,19.492679,55,163517,18478,170777,35.0,48,-1,190,87981
261,Spd_RF2_250_321_4099.txt,19.261563,53,19264,12233,86015,32.0,45,-1,6642,43606,19.262003,53,122588,12233,172905,32.0,45,-1,6642,87958
262,Spd_RF2_250_321_4107.txt,18.007797,50,61291,42003,86483,30.0,45,-1,24,44177,18.007797,50,61291,42003,172845,30.0,45,-1,24,88109
263,Spd_RF2_250_321_4115.txt,19.047591,53,74799,34513,85211,34.0,46,-1,82,44549,19.095944,53,124320,34513,169145,34.0,46,-1,82,89394
264,Spd_RF2_250_321_4123.txt,20.102656,53,76620,36501,86293,39.0,46,-1,410,44345,20.14196,53,161412,36501,172763,39.0,46,-1,410,88784
265,Spd_RF2_250_345_4131.txt,13.05628,40,71381,351,83233,23.0,34,-1,3645,43411,13.074303,40,147636,351,165102,23.0,34,-1,3645,86694
266,Spd_RF2_250_345_4139.txt,15.536811,49,723,11195,82314,27.0,41,-1,4280,42736,15.536811,49,723,11195,164978,27.0,41,-1,4280,86544
267,Spd_RF2_250_345_4147.txt,15.139772,43,35604,56586,82843,23.0,39,-1,42225,43399,15.139772,43,35604,56586,165503,23.0,39,-1,42225,86319
268,Spd_RF2_250_345_4155.txt,14.210281,45,63650,2481,82785,21.0,39,-1,5895,42717,14.210281,45,63650,2481,166100,21.0,38,-1,51324,85541
269,Spd_RF2_250_345_4163.txt,14.955883,46,34316,8076,82287,28.0,36,-1,6216,43503,14.974177,46,109434,8076,164621,28.0,36,-1,6216,86788
270,Spd_RF2_250_369_4171.txt,11.350218,38,78237,56478,80000,20.0,31,-1,22113,42261,11.362433,37,158909,124933,160101,20.0,31,-1,22113,84410
271,Spd_RF2_250_369_4179.txt,11.543324,34,30057,1046,80395,11.137087,31,5010,30835,42178,11.543324,34,30057,1046,160546,11.151072,31,74579,30835,84519
272,Spd_RF2_250_369_4187.txt,11.06251,37,39202,52827,80316,19.0,28,-1,3950,42557,11.09233,37,93896,52827,160689,19.0,28,-1,3950,84587
273,Spd_RF2_250_369_4195.txt,12.150966,37,27738,30493,79175,17.0,33,-1,12909,41379,12.150966,37,27738,30493,157536,17.0,33,-1,12909,84302
274,Spd_RF2_250_369_4203.txt,10.16095,39,2504,1647,79741,16.0,29,-1,2426,42087,10.176471,38,83077,100126,159497,16.0,29,-1,2426,84531
275,Spd_RF2_300_326_4211.txt,39.149589,84,1,118,79438,74.0,82,-1,45,45714,39.149589,84,1,118,159150,74.0,82,-1,45,90671
276,Spd_RF2_300_326_4219.txt,38.974115,82,1,19995,79219,72.079321,82,14313,170,44336,38.974115,82,1,19995,158284,72.08135,82,61307,170,88185
277,Spd_RF2_300_326_4227.txt,38.521846,84,1,15519,79793,73.026705,83,29897,110,44942,38.521846,84,1,15519,158409,73.027105,83,75608,110,89534
278,Spd_RF2_300_326_4235.txt,38.356043,83,1,24351,79299,73.590591,82,27478,2517,44625,38.356043,83,1,24351,158750,73.591652,82,84337,2517,89041
279,Spd_RF2_300_326_4243.txt,39.674628,83,1,212,80249,74.0,83,-1,17,45454,39.674628,83,1,212,160352,74.0,83,-1,17,91017
280,Spd_RF2_300_353_4251.txt,30.911884,72,58450,52246,74925,61.0,68,-1,3893,42509,30.911884,72,58450,52246,149786,61.0,68,-1,3893,84771
281,Spd_RF2_300_353_4259.txt,30.004449,71,2961,32468,74445,58.0,68,-1,16498,42158,30.097454,71,124423,32468,149688,58.0,68,-1,16498,84896
282,Spd_RF2_300_353_4267.txt,31.294154,76,30862,3095,74165,57.083136,72,1281,490,41996,31.35198,75,88148,82657,147943,57.083136,72,1281,490,84066
283,Spd_RF2_300_353_4275.txt,30.65082,75,54194,3061,74859,56.079433,69,141,222,42015,30.740431,75,95496,3061,150554,56.079433,69,141,222,83747
284,Spd_RF2_300_353_4283.txt,30.204475,75,8124,56302,74638,56.0,71,-1,132,42572,30.251554,75,93630,56302,149708,56.0,71,-1,132,84999
285,Spd_RF2_300_380_4291.txt,25.560571,69,46425,6010,71584,47.0,61,-1,2048,41008,25.598357,69,128784,6010,143617,47.0,61,-1,2048,81657
286,Spd_RF2_300_380_4299.txt,23.656672,66,49810,49658,71590,45.0,58,-1,9620,40384,23.71873,66,142896,49658,143311,45.0,58,-1,9620,81991
287,Spd_RF2_300_380_4307.txt,22.82394,65,38963,170,71485,41.0,56,-1,400,40925,22.82394,64,38963,87298,143256,41.0,56,-1,400,81995
288,Spd_RF2_300_380_4315.txt,22.29363,61,61161,43476,72041,37.0,55,-1,350,40508,22.29363,61,61161,43476,142981,37.0,55,-1,350,80762
289,Spd_RF2_300_380_4323.txt,24.31964,64,33396,49458,71848,45.0,57,-1,53,40850,24.31964,64,33396,49458,143600,45.0,57,-1,53,81866
290,Spd_RF2_300_407_4331.txt,19.861781,59,17260,2243,68830,38.0,52,-1,1250,39778,19.861781,58,17260,108422,137611,38.0,50,-1,76445,78275
291,Spd_RF2_300_407_4339.txt,19.797402,57,21943,43369,68943,36.0,51,-1,3041,39550,19.797402,56,21943,97109,135624,36.0,51,-1,3041,78521
292,Spd_RF2_300_407_4347.txt,19.635773,61,44094,48151,69567,33.0,49,-1,577,39640,19.635773,61,44094,48151,139462,33.0,49,-1,577,79329
293,Spd_RF2_300_407_4355.txt,18.596642,56,45237,5160,69087,33.0,49,-1,8645,39361,18.596642,55,45237,77871,138033,33.0,49,-1,8645,78778
294,Spd_RF2_300_407_4363.txt,19.391918,59,42157,12352,69011,32.0,50,-1,16099,39199,19.391918,59,42157,12352,138835,32.0,50,-1,16099,78722
295,Spd_RF2_300_434_4371.txt,15.760933,48,45683,2934,66797,23.0,41,-1,27500,38878,15.799915,48,127828,2934,133216,23.0,41,-1,27500,77740
296,Spd_RF2_300_434_4379.txt,14.690197,46,54011,26321,66816,28.0,37,-1,826,38321,14.691256,46,76023,26321,133636,28.0,37,-1,826,77120
297,Spd_RF2_300_434_4387.txt,14.547477,50,60382,33530,66602,23.0,42,-1,36417,38755,14.547477,50,60382,33530,133168,23.0,42,-1,36417,77577
298,Spd_RF2_300_434_4395.txt,15.09413,52,65575,16615,66170,26.0,44,-1,32678,38536,15.09413,52,65575,16615,132873,26.0,44,-1,32678,69145
299,Spd_RF2_300_434_4403.txt,16.439506,55,8836,5375,66595,28.0,44,-1,9371,38455,16.472394,55,96163,5375,133316,28.0,44,-1,9371,76720
300,Spd_RF2_350_378_4411.txt,46.492963,99,1,1136,69037,85.405999,97,30355,5617,43068,46.492963,98,1,85238,138116,85.40969,97,79438,5617,85862
301,Spd_RF2_350_378_4419.txt,45.338819,95,1,26667,68854,84.0,95,-1,85,42830,45.338819,95,1,26667,137564,84.0,95,-1,85,86019
302,Spd_RF2_350_378_4427.txt,46.066169,98,1,59457,69385,87.0,97,-1,590,43161,46.066169,98,1,59457,138614,87.0,97,-1,590,86612
303,Spd_RF2_350_378_4435.txt,45.642256,96,1,15865,69408,87.0,95,-1,194,43375,45.642256,96,1,15865,138971,87.0,95,-1,194,87344
304,Spd_RF2_350_378_4443.txt,45.645896,96,1,36753,69059,84.0,96,-1,160,43163,45.645896,96,1,36753,138264,84.0,96,-1,160,85995
305,Spd_RF2_350_406_4451.txt,36.97424,91,1,224,65466,72.0,84,-1,134,41038,36.977994,91,109576,224,131256,72.0,84,-1,134,82264
306,Spd_RF2_350_406_4459.txt,36.623113,85,1,49788,64658,67.0,83,-1,57,40397,36.623113,85,1,49788,129535,67.0,83,-1,57,81283
307,Spd_RF2_350_406_4467.txt,37.522443,89,18410,4147,64693,70.0,84,-1,1675,40756,37.522443,88,18410,74691,129473,70.0,84,-1,1675,81021
308,Spd_RF2_350_406_4475.txt,35.46435,84,38739,17534,65273,64.0,83,-1,188,40482,35.46435,84,38739,17534,130412,64.0,83,-1,188,80244
309,Spd_RF2_350_406_4483.txt,35.775116,89,1,59536,64614,63.462901,85,19961,22211,40534,35.775116,89,1,59536,130104,63.466572,85,44046,22211,81304
310,Spd_RF2_350_435_4491.txt,28.868291,75,1596,1578,62000,50.0,67,-1,191,38950,28.8841,75,107392,1578,124539,50.0,67,-1,191,77949
311,Spd_RF2_350_435_4499.txt,28.431985,74,47415,1956,62805,46.0,70,-1,19691,38690,28.471712,74,86022,1956,125556,46.0,70,-1,19691,77364
312,Spd_RF2_350_435_4507.txt,28.137063,71,32398,7249,62956,49.0,67,-1,16690,39045,28.137063,71,32398,7249,126246,49.0,67,-1,16690,77782
313,Spd_RF2_350_435_4515.txt,29.811261,77,43769,1355,62843,56.0,71,-1,2905,39007,29.822203,77,106879,1355,125734,56.0,71,-1,2905,78435
314,Spd_RF2_350_435_4523.txt,29.314101,74,25870,20496,62086,51.0,71,-1,420,38462,29.314101,74,25870,20496,124357,51.0,71,-1,420,77395
315,Spd_RF2_350_463_4531.txt,24.86153,71,52919,23358,59862,47.0,63,-1,3131,37292,24.942214,71,107579,23358,120246,47.0,63,-1,3131,75129
316,Spd_RF2_350_463_4539.txt,24.315482,70,52725,24346,60601,41.0,62,-1,590,37629,24.315482,70,52725,24346,121469,41.0,62,-1,590,75121
317,Spd_RF2_350_463_4547.txt,23.728046,70,26529,5939,60321,36.0,64,-1,2159,37244,23.728046,69,26529,77615,120673,36.0,64,-1,2159,74412
318,Spd_RF2_350_463_4555.txt,22.262512,68,26139,30997,60214,38.0,58,-1,1882,37583,22.303254,68,109053,30997,120733,38.0,58,-1,1882,74801
319,Spd_RF2_350_463_4563.txt,24.024899,72,49422,3929,56502,38.0,62,-1,856,37267,24.024899,72,49422,3929,120380,38.0,62,-1,856,74504
320,Spd_RF2_350_492_4571.txt,19.350188,59,20779,18216,58349,33.0,50,-1,6848,36841,19.350188,59,20779,18216,116357,33.0,50,-1,6848,73831
321,Spd_RF2_350_492_4579.txt,20.19198,65,2000,6762,58847,33.0,56,-1,3440,36821,20.19198,65,2000,6762,117678,33.0,56,-1,3440,73033
322,Spd_RF2_350_492_4587.txt,18.490054,58,34221,10368,58937,26.0,49,-1,2469,36859,18.527932,57,96354,74053,117977,26.0,48,-1,48851,73621
323,Spd_RF2_350_492_4595.txt,18.508636,56,44310,7057,58238,26.0,49,-1,395,36642,18.542337,56,114815,7057,116507,26.0,48,-1,42370,73613
324,Spd_RF2_350_492_4603.txt,20.035191,62,14389,4607,58049,31.0,57,-1,23892,36656,20.040964,62,74444,4607,116262,31.0,57,-1,23892,72916
325,Spd_RF2_400_429_4611.txt,53.678284,117,1,12680,61298,104.0,113,-1,2037,43314,53.678284,117,1,12680,122900,104.0,112,-1,78966,87267
326,Spd_RF2_400_429_4619.txt,54.3582,116,1,5652,61352,101.0,113,-1,2176,43269,54.3582,116,1,5652,123310,101.0,113,-1,2176,87176
327,Spd_RF2_400_429_4627.txt,53.761825,117,1,6587,61636,104.0,113,-1,54,43823,53.761825,117,1,6587,123549,104.0,113,-1,54,87707
328,Spd_RF2_400_429_4635.txt,53.014203,113,48191,24879,60929,97.0,112,-1,146,42866,53.025039,113,108023,24879,121570,97.0,112,-1,146,84943
329,Spd_RF2_400_429_4643.txt,54.919108,116,1,7406,61667,105.0,115,-1,44,43809,54.919108,116,1,7406,123298,105.0,115,-1,44,87757
330,Spd_RF2_400_459_4651.txt,44.083924,103,36491,9570,57884,81.0,98,-1,15209,39979,44.137837,103,90637,9570,115805,81.0,98,-1,15209,79493
331,Spd_RF2_400_459_4659.txt,43.467541,100,1,12180,58570,78.0,95,-1,17454,39096,43.467541,100,1,12180,117042,78.0,95,-1,17454,79645
332,Spd_RF2_400_459_4667.txt,43.565695,105,37556,37162,56998,74.0,102,-1,1044,40266,43.605755,105,90699,37162,115927,74.0,101,-1,58960,79814
333,Spd_RF2_400_459_4675.txt,44.295445,105,53342,7048,57317,82.076268,99,30155,13533,40253,44.295445,105,53342,7048,114939,82.07682,99,62197,13533,80688
334,Spd_RF2_400_459_4683.txt,43.239906,102,19428,11667,57670,78.0,98,-1,224,39243,43.239906,102,19428,11667,115630,78.0,98,-1,224,79966
335,Spd_RF2_400_489_4691.txt,34.66572,86,8279,1890,55747,59.0,81,-1,34580,38638,34.66572,86,8279,1890,111747,59.0,81,-1,34580,77561
336,Spd_RF2_400_489_4699.txt,35.813794,96,40766,7475,55651,64.0,85,-1,99,38440,35.941526,94,91678,78551,111483,64.0,85,-1,99,77132
337,Spd_RF2_400_489_4707.txt,35.19136,93,13830,1801,54332,62.012476,85,21651,1362,38263,35.19136,93,13830,1801,111573,62.012476,85,21651,1362,76473
338,Spd_RF2_400_489_4715.txt,35.01431,89,32249,6930,55370,63.0,82,-1,92,38612,35.084757,89,82426,6930,110169,63.0,82,-1,92,77112
339,Spd_RF2_400_489_4723.txt,35.357645,91,1982,13776,55448,63.0,86,-1,1878,38240,35.395019,91,73180,13776,111189,63.0,86,-1,1878,75971
340,Spd_RF2_400_519_4731.txt,29.10225,83,785,11916,54384,52.0,76,-1,36460,36812,29.137113,83,67892,11916,108607,52.0,76,-1,36460,73671
341,Spd_RF2_400_519_4739.txt,28.365333,84,50638,3080,53742,47.0,73,-1,4419,37112,28.365333,84,50638,3080,104900,47.0,72,-1,70964,74412
342,Spd_RF2_400_519_4747.txt,29.249751,82,9717,7206,53573,52.0,75,-1,20268,37246,29.316444,82,53773,7206,106816,52.0,75,-1,20268,74702
343,Spd_RF2_400_519_4755.txt,29.045851,84,9044,35755,53322,50.0,76,-1,16459,36748,29.050199,84,64260,35755,106430,50.0,76,-1,16459,73453
344,Spd_RF2_400_519_4763.txt,29.438169,83,24112,3462,53018,55.0,72,-1,111,37210,29.438169,83,24112,3462,106492,55.0,72,-1,111,74891
345,Spd_RF2_400_549_4771.txt,25.157382,76,49489,1693,51383,41.0,64,-1,13881,36559,25.157382,76,49489,1693,102880,41.0,64,-1,13881,72298
346,Spd_RF2_400_549_4779.txt,23.738526,73,23775,14936,52110,41.0,61,-1,2481,36290,23.738526,72,23775,101991,104286,41.0,61,-1,2481,71987
347,Spd_RF2_400_549_4787.txt,23.592042,70,37640,8168,51855,42.0,60,-1,1415,36055,23.592042,70,37640,8168,103484,42.0,60,-1,1415,71881
348,Spd_RF2_400_549_4795.txt,23.792793,69,34828,16723,51638,38.0,62,-1,8911,36142,23.827303,69,64449,16723,103216,38.0,62,-1,8911,72671
349,Spd_RF2_400_549_4803.txt,25.105285,78,1864,11963,51646,46.0,66,-1,18770,36362,25.105285,78,1864,11963,99926,46.0,66,-1,18770,72684
350,Spd_RF2_450_482_4811.txt,60.844547,128,1,9500,54490,115.0,127,-1,27254,43554,60.844547,128,1,9500,108754,115.0,127,-1,27254,86024
351,Spd_RF2_450_482_4819.txt,60.59809,129,1,914,55385,116.0,128,-1,337,43432,60.59809,129,1,914,110850,116.0,128,-1,337,85588
352,Spd_RF2_450_482_4827.txt,60.772793,131,1,27498,54414,114.0,130,-1,851,43604,60.772793,131,1,27498,109796,114.0,130,-1,851,86320
353,Spd_RF2_450_482_4835.txt,61.411751,131,1,10431,55152,113.0,130,-1,4,43976,61.411751,131,1,10431,108976,113.0,130,-1,4,87806
354,Spd_RF2_450_482_4843.txt,61.127282,129,1,4717,54406,117.0,128,-1,73,43888,61.127282,129,1,4717,110088,117.0,128,-1,73,87918
355,Spd_RF2_450_515_4851.txt,49.202449,116,3,49375,51584,93.0,111,-1,97,40692,49.202449,116,3,49375,103503,93.0,111,-1,97,81458
356,Spd_RF2_450_515_4859.txt,49.325751,117,1,2109,51332,92.0,114,-1,1762,39748,49.325751,116,1,60106,102456,92.0062,114,75606,1762,80594
357,Spd_RF2_450_515_4867.txt,48.429248,118,3,6093,51875,91.0,111,-1,1730,39790,48.429248,118,3,6093,103762,91.0,111,-1,1730,79709
358,Spd_RF2_450_515_4875.txt,49.587453,117,35525,43568,51418,93.0,112,-1,67,39987,49.587453,116,35525,96102,102994,93.0,112,-1,67,80126
359,Spd_RF2_450_515_4883.txt,48.325,115,1,768,50914,88.025374,110,34358,1507,39695,48.325,115,1,768,102253,88.025374,110,34358,1507,79623
360,Spd_RF2_450_548_4891.txt,40.704448,104,1109,1110,49259,79.0,94,-1,1714,38721,40.704448,104,1109,1110,98400,79.0,94,-1,1714,77193
361,Spd_RF2_450_548_4899.txt,39.840905,103,27745,21962,49787,74.0,95,-1,15248,37669,39.957574,103,82092,21962,99656,74.0,95,-1,15248,75294
362,Spd_RF2_450_548_4907.txt,39.695064,101,13126,849,49800,69.0,94,-1,184,37260,39.695064,100,13126,70401,99638,69.0,94,-1,184,75859
363,Spd_RF2_450_548_4915.txt,39.342561,104,8965,15131,49958,68.0,95,-1,497,37832,39.342561,104,8965,15131,99925,68.0,94,-1,72110,75663
364,Spd_RF2_450_548_4923.txt,40.662425,106,31033,2675,49584,74.246864,99,18505,4349,37901,40.662425,106,31033,2675,99486,74.248942,99,37967,4349,75906
365,Spd_RF2_450_581_4931.txt,33.436985,94,38055,11984,47268,63.0,82,-1,140,36698,33.436985,94,38055,11984,94731,63.0,82,-1,140,73083
366,Spd_RF2_450_581_4939.txt,32.709656,92,35489,2550,47634,60.0,83,-1,3791,36313,32.892768,91,71116,56159,95415,60.0,83,-1,3791,72691
367,Spd_RF2_450_581_4947.txt,33.954329,96,36108,27736,47871,59.0,86,-1,74,36211,33.954329,96,36108,27736,95558,59.0,86,-1,74,73289
368,Spd_RF2_450_581_4955.txt,33.154411,97,8669,6111,48012,56.0,85,-1,3615,36606,33.24716,97,84467,6111,96193,56.0,85,-1,3615,73395
369,Spd_RF2_450_581_4963.txt,33.977309,96,45952,11956,47725,61.0,85,-1,423,36276,34.072444,96,79671,11956,95409,61.0,85,-1,423,72931
370,Spd_RF2_450_614_4971.txt,28.077354,89,28638,8485,45850,46.0,73,-1,3701,34767,28.077354,89,28638,8485,91887,46.0,72,-1,35476,70487
371,Spd_RF2_450_614_4979.txt,28.174389,88,28315,36304,46189,45.0,73,-1,1634,35317,28.174389,87,28315,57299,92531,45.0,73,-1,1634,70901
372,Spd_RF2_450_614_4987.txt,27.660149,85,16990,1115,46157,46.0,75,-1,29784,34787,27.663042,84,65219,48803,92507,46.0,75,-1,29784,70125
373,Spd_RF2_450_614_4995.txt,28.160897,85,13042,10440,46047,51.0,74,-1,4102,35577,28.210158,85,47404,10440,92043,51.0,73,-1,47339,71243
374,Spd_RF2_450_614_5003.txt,28.340572,89,6742,3050,45891,44.0,78,-1,5535,35333,28.41053,88,79803,54435,92056,44.0,77,-1,41314,70300
375,Spd_RF2_500_534_5011.txt,67.948596,143,1,7574,49757,131.0,143,-1,208,25740,67.948596,143,1,7574,99923,131.0,143,-1,208,51665
376,Spd_RF2_500_534_5019.txt,68.646617,146,1,1074,49789,129.0,145,-1,65,25969,68.646617,145,1,64677,99457,129.0,145,-1,65,51800
377,Spd_RF2_500_534_5027.txt,68.907858,145,1,37057,49930,133.0,143,-1,300,26177,68.907858,145,1,37057,99901,133.0,143,-1,300,52121
378,Spd_RF2_500_534_5035.txt,69.933762,147,1,13462,50055,135.379553,146,3422,12168,25982,69.933762,147,1,13462,99706,135.379553,146,3422,12168,52079
379,Spd_RF2_500_534_5043.txt,68.189053,144,1,5815,50175,130.0,142,-1,484,25668,68.189053,144,1,5815,100050,130.0,142,-1,484,51272
380,Spd_RF2_500_568_5051.txt,56.468818,128,3,545,46902,107.0,123,-1,1111,24614,56.468818,127,3,51834,93770,107.0,123,-1,1111,49364
381,Spd_RF2_500_568_5059.txt,56.666534,131,1,2133,46839,102.0,123,-1,14021,24150,56.666534,131,1,2133,93509,102.0,123,-1,14021,48246
382,Spd_RF2_500_568_5067.txt,55.565628,132,1,1177,47246,104.0,129,-1,1087,24465,55.565628,132,1,1177,94515,104.0,128,-1,25401,48935
383,Spd_RF2_500_568_5075.txt,57.120546,130,1,2195,46905,109.0,125,-1,8084,24827,57.120546,129,1,76292,93518,109.0,125,-1,8084,49385
384,Spd_RF2_500_568_5083.txt,56.241463,130,1,36864,46884,108.0,124,-1,16183,24599,56.241463,130,1,36864,93673,108.0,124,-1,16183,48937
385,Spd_RF2_500_603_5091.txt,48.73001,123,10942,16666,45363,90.0,115,-1,6645,23284,48.764651,123,71372,16666,90401,90.0,115,-1,6645,47789
386,Spd_RF2_500_603_5099.txt,46.502181,115,4657,3105,44934,88.0,108,-1,18347,23228,46.502181,115,4657,3105,90486,88.0,108,-1,18347,47157
387,Spd_RF2_500_603_5107.txt,47.404995,119,24103,11765,44860,88.0,111,-1,2937,23781,47.456765,119,49460,11765,89942,88.0,111,-1,2937,47042
388,Spd_RF2_500_603_5115.txt,46.359956,122,44065,24718,45031,87.0,111,-1,2000,23786,46.480605,122,79802,24718,90066,87.0,111,-1,2000,47497
389,Spd_RF2_500_603_5123.txt,44.572508,116,20337,37235,45047,80.221334,107,21509,714,23531,44.572508,116,20337,37235,89626,80.221334,107,21509,714,46896
390,Spd_RF2_500_637_5131.txt,40.567337,110,31346,4961,43177,78.0,100,-1,314,23014,40.567337,110,31346,4961,86840,78.0,99,-1,29950,46472
391,Spd_RF2_500_637_5139.txt,39.402158,108,16990,8792,43445,74.0,98,-1,14954,23017,39.478209,107,59806,50355,86577,74.0,98,-1,14954,46334
392,Spd_RF2_500_637_5147.txt,38.517023,107,10529,19972,43268,74.0,95,-1,6861,23255,38.566586,107,83608,19972,86577,74.0,95,-1,6861,45878
393,Spd_RF2_500_637_5155.txt,38.357636,106,6335,178,43607,63.0,94,-1,472,22853,38.449634,105,50878,83151,86787,63.0,94,-1,472,45633
394,Spd_RF2_500_637_5163.txt,37.828829,100,16050,23265,43193,70.0,93,-1,9224,22927,37.896359,99,74359,46027,85803,70.0,93,-1,9224,45889
395,Spd_RF2_500_672_5171.txt,33.641655,104,29696,3936,39176,58.0,91,-1,3505,22581,33.657136,104,73935,3936,84678,58.0,91,-1,3505,44813
396,Spd_RF2_500_672_5179.txt,32.075322,97,17920,4708,42169,52.0,87,-1,4834,22520,32.075322,97,17920,4708,84479,52.0,87,-1,4834,45047
397,Spd_RF2_500_672_5187.txt,30.248906,93,40148,24028,41888,47.0,80,-1,20725,22537,30.308822,93,76804,24028,83708,47.0,80,-1,20725,45061
398,Spd_RF2_500_672_5195.txt,32.54376,101,6076,38750,41995,57.0,89,-1,3066,22566,32.681646,101,62164,38750,84017,57.0,87,-1,28303,44970
399,Spd_RF2_500_672_5203.txt,32.03715,96,10570,101,41765,57.0,86,-1,901,22588,32.094392,94,71571,65167,83865,57.0,86,-1,901,45271
